Make,Model,Vendor Code,Vendor Name,Vendor Notes,Classification,Product Type,MPN,SKU,Year
Suzuki,LT-F400F Eiger 4x4,NACH,NACHMAN INTERNATIONAL CO. LTD,REF#: 51210-38F00,Lower,Ball Joints,AT-08350,125412,2002
Suzuki,LT-F400 Eiger 2x4,NACH,NACHMAN INTERNATIONAL CO. LTD,REF#: 51210-38F00,Lower,Ball Joints,AT-08350,125412,2002
Suzuki,LT-A400F Eiger 4x4 Auto,NACH,NACHMAN INTERNATIONAL CO. LTD,REF#: 51210-38F00,Lower,Ball Joints,AT-08350,125412,2002
Suzuki,LT-A400F KingQuad AS,NACH,NACHMAN INTERNATIONAL CO. LTD,REF#: 51210-38F00,Lower,Ball Joints,AT-08350,125412,2002
Suzuki,LT-A400F KingQuad ASi,NACH,NACHMAN INTERNATIONAL CO. LTD,REF#: 51210-38F00,Lower,Ball Joints,AT-08350,125412,2002
Suzuki,LT-A400F KingQuad ASi LE,NACH,NACHMAN INTERNATIONAL CO. LTD,REF#: 51210-38F00,Lower,Ball Joints,AT-08350,125412,2002
Suzuki,LT-A400F KingQuad ASi SE,NACH,NACHMAN INTERNATIONAL CO. LTD,REF#: 51210-38F00,Lower,Ball Joints,AT-08350,125412,2002
Suzuki,LT-A400F KingQuad ASi+,NACH,NACHMAN INTERNATIONAL CO. LTD,REF#: 51210-38F00,Lower,Ball Joints,AT-08350,125412,2002
Suzuki,LT-A400F KingQuad ASi SE+,NACH,NACHMAN INTERNATIONAL CO. LTD,REF#: 51210-38F00,Lower,Ball Joints,AT-08350,125412,2002
Suzuki,LT-A500F Vinson 500 4x4 Auto,NACH,NACHMAN INTERNATIONAL CO. LTD,REF#: 51210-38F00,Lower,Ball Joints,AT-08350,125412,2002
Suzuki,LT-F400F Eiger 4x4,NACH,NACHMAN INTERNATIONAL CO. LTD,REF#: 51210-38F00,Lower,Ball Joints,AT-08350,125412,2003
Suzuki,LT-F400 Eiger 2x4,NACH,NACHMAN INTERNATIONAL CO. LTD,REF#: 51210-38F00,Lower,Ball Joints,AT-08350,125412,2003
Suzuki,LT-A400F Eiger 4x4 Auto,NACH,NACHMAN INTERNATIONAL CO. LTD,REF#: 51210-38F00,Lower,Ball Joints,AT-08350,125412,2003
Suzuki,LT-A400F KingQuad AS,NACH,NACHMAN INTERNATIONAL CO. LTD,REF#: 51210-38F00,Lower,Ball Joints,AT-08350,125412,2003
Suzuki,LT-A400F KingQuad ASi,NACH,NACHMAN INTERNATIONAL CO. LTD,REF#: 51210-38F00,Lower,Ball Joints,AT-08350,125412,2003
Suzuki,LT-A400F KingQuad ASi LE,NACH,NACHMAN INTERNATIONAL CO. LTD,REF#: 51210-38F00,Lower,Ball Joints,AT-08350,125412,2003
Suzuki,LT-A400F KingQuad ASi SE,NACH,NACHMAN INTERNATIONAL CO. LTD,REF#: 51210-38F00,Lower,Ball Joints,AT-08350,125412,2003
Suzuki,LT-A400F KingQuad ASi+,NACH,NACHMAN INTERNATIONAL CO. LTD,REF#: 51210-38F00,Lower,Ball Joints,AT-08350,125412,2003
Suzuki,LT-A400F KingQuad ASi SE+,NACH,NACHMAN INTERNATIONAL CO. LTD,REF#: 51210-38F00,Lower,Ball Joints,AT-08350,125412,2003
Suzuki,LT-A500F Vinson 500 4x4 Auto,NACH,NACHMAN INTERNATIONAL CO. LTD,REF#: 51210-38F00,Lower,Ball Joints,AT-08350,125412,2003
Suzuki,LT-F400F Eiger 4x4,NACH,NACHMAN INTERNATIONAL CO. LTD,REF#: 51210-38F00,Lower,Ball Joints,AT-08350,125412,2004
Suzuki,LT-F400 Eiger 2x4,NACH,NACHMAN INTERNATIONAL CO. LTD,REF#: 51210-38F00,Lower,Ball Joints,AT-08350,125412,2004
Suzuki,LT-A400F Eiger 4x4 Auto,NACH,NACHMAN INTERNATIONAL CO. LTD,REF#: 51210-38F00,Lower,Ball Joints,AT-08350,125412,2004
Suzuki,LT-A400F KingQuad AS,NACH,NACHMAN INTERNATIONAL CO. LTD,REF#: 51210-38F00,Lower,Ball Joints,AT-08350,125412,2004
Suzuki,LT-A400F KingQuad ASi,NACH,NACHMAN INTERNATIONAL CO. LTD,REF#: 51210-38F00,Lower,Ball Joints,AT-08350,125412,2004
Suzuki,LT-A400F KingQuad ASi LE,NACH,NACHMAN INTERNATIONAL CO. LTD,REF#: 51210-38F00,Lower,Ball Joints,AT-08350,125412,2004
Suzuki,LT-A400F KingQuad ASi SE,NACH,NACHMAN INTERNATIONAL CO. LTD,REF#: 51210-38F00,Lower,Ball Joints,AT-08350,125412,2004
Suzuki,LT-A400F KingQuad ASi+,NACH,NACHMAN INTERNATIONAL CO. LTD,REF#: 51210-38F00,Lower,Ball Joints,AT-08350,125412,2004
Suzuki,LT-A400F KingQuad ASi SE+,NACH,NACHMAN INTERNATIONAL CO. LTD,REF#: 51210-38F00,Lower,Ball Joints,AT-08350,125412,2004
Suzuki,LT-A500F Vinson 500 4x4 Auto,NACH,NACHMAN INTERNATIONAL CO. LTD,REF#: 51210-38F00,Lower,Ball Joints,AT-08350,125412,2004
Suzuki,LT-F400F Eiger 4x4,NACH,NACHMAN INTERNATIONAL CO. LTD,REF#: 51210-38F00,Lower,Ball Joints,AT-08350,125412,2005
Suzuki,LT-F400 Eiger 2x4,NACH,NACHMAN INTERNATIONAL CO. LTD,REF#: 51210-38F00,Lower,Ball Joints,AT-08350,125412,2005
Suzuki,LT-A400F Eiger 4x4 Auto,NACH,NACHMAN INTERNATIONAL CO. LTD,REF#: 51210-38F00,Lower,Ball Joints,AT-08350,125412,2005
Suzuki,LT-A400F KingQuad AS,NACH,NACHMAN INTERNATIONAL CO. LTD,REF#: 51210-38F00,Lower,Ball Joints,AT-08350,125412,2005
Suzuki,LT-A400F KingQuad ASi,NACH,NACHMAN INTERNATIONAL CO. LTD,REF#: 51210-38F00,Lower,Ball Joints,AT-08350,125412,2005
Suzuki,LT-A400F KingQuad ASi LE,NACH,NACHMAN INTERNATIONAL CO. LTD,REF#: 51210-38F00,Lower,Ball Joints,AT-08350,125412,2005
Suzuki,LT-A400F KingQuad ASi SE,NACH,NACHMAN INTERNATIONAL CO. LTD,REF#: 51210-38F00,Lower,Ball Joints,AT-08350,125412,2005
Suzuki,LT-A400F KingQuad ASi+,NACH,NACHMAN INTERNATIONAL CO. LTD,REF#: 51210-38F00,Lower,Ball Joints,AT-08350,125412,2005
Suzuki,LT-A400F KingQuad ASi SE+,NACH,NACHMAN INTERNATIONAL CO. LTD,REF#: 51210-38F00,Lower,Ball Joints,AT-08350,125412,2005
Suzuki,LT-A500F Vinson 500 4x4 Auto,NACH,NACHMAN INTERNATIONAL CO. LTD,REF#: 51210-38F00,Lower,Ball Joints,AT-08350,125412,2005
Suzuki,LT-F400F Eiger 4x4,NACH,NACHMAN INTERNATIONAL CO. LTD,REF#: 51210-38F00,Lower,Ball Joints,AT-08350,125412,2006
Suzuki,LT-F400 Eiger 2x4,NACH,NACHMAN INTERNATIONAL CO. LTD,REF#: 51210-38F00,Lower,Ball Joints,AT-08350,125412,2006
Suzuki,LT-A400F Eiger 4x4 Auto,NACH,NACHMAN INTERNATIONAL CO. LTD,REF#: 51210-38F00,Lower,Ball Joints,AT-08350,125412,2006
Suzuki,LT-A400F KingQuad AS,NACH,NACHMAN INTERNATIONAL CO. LTD,REF#: 51210-38F00,Lower,Ball Joints,AT-08350,125412,2006
Suzuki,LT-A400F KingQuad ASi,NACH,NACHMAN INTERNATIONAL CO. LTD,REF#: 51210-38F00,Lower,Ball Joints,AT-08350,125412,2006
Suzuki,LT-A400F KingQuad ASi LE,NACH,NACHMAN INTERNATIONAL CO. LTD,REF#: 51210-38F00,Lower,Ball Joints,AT-08350,125412,2006
Suzuki,LT-A400F KingQuad ASi SE,NACH,NACHMAN INTERNATIONAL CO. LTD,REF#: 51210-38F00,Lower,Ball Joints,AT-08350,125412,2006
Suzuki,LT-A400F KingQuad ASi+,NACH,NACHMAN INTERNATIONAL CO. LTD,REF#: 51210-38F00,Lower,Ball Joints,AT-08350,125412,2006
Suzuki,LT-A400F KingQuad ASi SE+,NACH,NACHMAN INTERNATIONAL CO. LTD,REF#: 51210-38F00,Lower,Ball Joints,AT-08350,125412,2006
Suzuki,LT-A500F Vinson 500 4x4 Auto,NACH,NACHMAN INTERNATIONAL CO. LTD,REF#: 51210-38F00,Lower,Ball Joints,AT-08350,125412,2006
Suzuki,LT-F400F Eiger 4x4,NACH,NACHMAN INTERNATIONAL CO. LTD,REF#: 51210-38F00,Lower,Ball Joints,AT-08350,125412,2007
Suzuki,LT-F400 Eiger 2x4,NACH,NACHMAN INTERNATIONAL CO. LTD,REF#: 51210-38F00,Lower,Ball Joints,AT-08350,125412,2007
Suzuki,LT-A400F Eiger 4x4 Auto,NACH,NACHMAN INTERNATIONAL CO. LTD,REF#: 51210-38F00,Lower,Ball Joints,AT-08350,125412,2007
Suzuki,LT-A400F KingQuad AS,NACH,NACHMAN INTERNATIONAL CO. LTD,REF#: 51210-38F00,Lower,Ball Joints,AT-08350,125412,2007
Suzuki,LT-A400F KingQuad ASi,NACH,NACHMAN INTERNATIONAL CO. LTD,REF#: 51210-38F00,Lower,Ball Joints,AT-08350,125412,2007
Suzuki,LT-A400F KingQuad ASi LE,NACH,NACHMAN INTERNATIONAL CO. LTD,REF#: 51210-38F00,Lower,Ball Joints,AT-08350,125412,2007
Suzuki,LT-A400F KingQuad ASi SE,NACH,NACHMAN INTERNATIONAL CO. LTD,REF#: 51210-38F00,Lower,Ball Joints,AT-08350,125412,2007
Suzuki,LT-A400F KingQuad ASi+,NACH,NACHMAN INTERNATIONAL CO. LTD,REF#: 51210-38F00,Lower,Ball Joints,AT-08350,125412,2007
Suzuki,LT-A400F KingQuad ASi SE+,NACH,NACHMAN INTERNATIONAL CO. LTD,REF#: 51210-38F00,Lower,Ball Joints,AT-08350,125412,2007
Suzuki,LT-A500F Vinson 500 4x4 Auto,NACH,NACHMAN INTERNATIONAL CO. LTD,REF#: 51210-38F00,Lower,Ball Joints,AT-08350,125412,2007
Suzuki,LT-F400F Eiger 4x4,NACH,NACHMAN INTERNATIONAL CO. LTD,REF#: 51210-38F00,Lower,Ball Joints,AT-08350,125412,2008
Suzuki,LT-F400 Eiger 2x4,NACH,NACHMAN INTERNATIONAL CO. LTD,REF#: 51210-38F00,Lower,Ball Joints,AT-08350,125412,2008
Suzuki,LT-A400F Eiger 4x4 Auto,NACH,NACHMAN INTERNATIONAL CO. LTD,REF#: 51210-38F00,Lower,Ball Joints,AT-08350,125412,2008
Suzuki,LT-A400F KingQuad AS,NACH,NACHMAN INTERNATIONAL CO. LTD,REF#: 51210-38F00,Lower,Ball Joints,AT-08350,125412,2008
Suzuki,LT-A400F KingQuad ASi,NACH,NACHMAN INTERNATIONAL CO. LTD,REF#: 51210-38F00,Lower,Ball Joints,AT-08350,125412,2008
Suzuki,LT-A400F KingQuad ASi LE,NACH,NACHMAN INTERNATIONAL CO. LTD,REF#: 51210-38F00,Lower,Ball Joints,AT-08350,125412,2008
Suzuki,LT-A400F KingQuad ASi SE,NACH,NACHMAN INTERNATIONAL CO. LTD,REF#: 51210-38F00,Lower,Ball Joints,AT-08350,125412,2008
Suzuki,LT-A400F KingQuad ASi+,NACH,NACHMAN INTERNATIONAL CO. LTD,REF#: 51210-38F00,Lower,Ball Joints,AT-08350,125412,2008
Suzuki,LT-A400F KingQuad ASi SE+,NACH,NACHMAN INTERNATIONAL CO. LTD,REF#: 51210-38F00,Lower,Ball Joints,AT-08350,125412,2008
Suzuki,LT-A500F Vinson 500 4x4 Auto,NACH,NACHMAN INTERNATIONAL CO. LTD,REF#: 51210-38F00,Lower,Ball Joints,AT-08350,125412,2008
Suzuki,LT-F400F Eiger 4x4,NACH,NACHMAN INTERNATIONAL CO. LTD,REF#: 51210-38F00,Lower,Ball Joints,AT-08350,125412,2009
Suzuki,LT-F400 Eiger 2x4,NACH,NACHMAN INTERNATIONAL CO. LTD,REF#: 51210-38F00,Lower,Ball Joints,AT-08350,125412,2009
Suzuki,LT-A400F Eiger 4x4 Auto,NACH,NACHMAN INTERNATIONAL CO. LTD,REF#: 51210-38F00,Lower,Ball Joints,AT-08350,125412,2009
Suzuki,LT-A400F KingQuad AS,NACH,NACHMAN INTERNATIONAL CO. LTD,REF#: 51210-38F00,Lower,Ball Joints,AT-08350,125412,2009
Suzuki,LT-A400F KingQuad ASi,NACH,NACHMAN INTERNATIONAL CO. LTD,REF#: 51210-38F00,Lower,Ball Joints,AT-08350,125412,2009
Suzuki,LT-A400F KingQuad ASi LE,NACH,NACHMAN INTERNATIONAL CO. LTD,REF#: 51210-38F00,Lower,Ball Joints,AT-08350,125412,2009
Suzuki,LT-A400F KingQuad ASi SE,NACH,NACHMAN INTERNATIONAL CO. LTD,REF#: 51210-38F00,Lower,Ball Joints,AT-08350,125412,2009
Suzuki,LT-A400F KingQuad ASi+,NACH,NACHMAN INTERNATIONAL CO. LTD,REF#: 51210-38F00,Lower,Ball Joints,AT-08350,125412,2009
Suzuki,LT-A400F KingQuad ASi SE+,NACH,NACHMAN INTERNATIONAL CO. LTD,REF#: 51210-38F00,Lower,Ball Joints,AT-08350,125412,2009
Suzuki,LT-A500F Vinson 500 4x4 Auto,NACH,NACHMAN INTERNATIONAL CO. LTD,REF#: 51210-38F00,Lower,Ball Joints,AT-08350,125412,2009
Suzuki,LT-F400F Eiger 4x4,NACH,NACHMAN INTERNATIONAL CO. LTD,REF#: 51210-38F00,Lower,Ball Joints,AT-08350,125412,2010
Suzuki,LT-F400 Eiger 2x4,NACH,NACHMAN INTERNATIONAL CO. LTD,REF#: 51210-38F00,Lower,Ball Joints,AT-08350,125412,2010
Suzuki,LT-A400F Eiger 4x4 Auto,NACH,NACHMAN INTERNATIONAL CO. LTD,REF#: 51210-38F00,Lower,Ball Joints,AT-08350,125412,2010
Suzuki,LT-A400F KingQuad AS,NACH,NACHMAN INTERNATIONAL CO. LTD,REF#: 51210-38F00,Lower,Ball Joints,AT-08350,125412,2010
Suzuki,LT-A400F KingQuad ASi,NACH,NACHMAN INTERNATIONAL CO. LTD,REF#: 51210-38F00,Lower,Ball Joints,AT-08350,125412,2010
Suzuki,LT-A400F KingQuad ASi LE,NACH,NACHMAN INTERNATIONAL CO. LTD,REF#: 51210-38F00,Lower,Ball Joints,AT-08350,125412,2010
Suzuki,LT-A400F KingQuad ASi SE,NACH,NACHMAN INTERNATIONAL CO. LTD,REF#: 51210-38F00,Lower,Ball Joints,AT-08350,125412,2010
Suzuki,LT-A400F KingQuad ASi+,NACH,NACHMAN INTERNATIONAL CO. LTD,REF#: 51210-38F00,Lower,Ball Joints,AT-08350,125412,2010
Suzuki,LT-A400F KingQuad ASi SE+,NACH,NACHMAN INTERNATIONAL CO. LTD,REF#: 51210-38F00,Lower,Ball Joints,AT-08350,125412,2010
Suzuki,LT-A500F Vinson 500 4x4 Auto,NACH,NACHMAN INTERNATIONAL CO. LTD,REF#: 51210-38F00,Lower,Ball Joints,AT-08350,125412,2010
Suzuki,LT-F400F Eiger 4x4,NACH,NACHMAN INTERNATIONAL CO. LTD,REF#: 51210-38F00,Lower,Ball Joints,AT-08350,125412,2011
Suzuki,LT-F400 Eiger 2x4,NACH,NACHMAN INTERNATIONAL CO. LTD,REF#: 51210-38F00,Lower,Ball Joints,AT-08350,125412,2011
Suzuki,LT-A400F Eiger 4x4 Auto,NACH,NACHMAN INTERNATIONAL CO. LTD,REF#: 51210-38F00,Lower,Ball Joints,AT-08350,125412,2011
Suzuki,LT-A400F KingQuad AS,NACH,NACHMAN INTERNATIONAL CO. LTD,REF#: 51210-38F00,Lower,Ball Joints,AT-08350,125412,2011
Suzuki,LT-A400F KingQuad ASi,NACH,NACHMAN INTERNATIONAL CO. LTD,REF#: 51210-38F00,Lower,Ball Joints,AT-08350,125412,2011
Suzuki,LT-A400F KingQuad ASi LE,NACH,NACHMAN INTERNATIONAL CO. LTD,REF#: 51210-38F00,Lower,Ball Joints,AT-08350,125412,2011
Suzuki,LT-A400F KingQuad ASi SE,NACH,NACHMAN INTERNATIONAL CO. LTD,REF#: 51210-38F00,Lower,Ball Joints,AT-08350,125412,2011
Suzuki,LT-A400F KingQuad ASi+,NACH,NACHMAN INTERNATIONAL CO. LTD,REF#: 51210-38F00,Lower,Ball Joints,AT-08350,125412,2011
Suzuki,LT-A400F KingQuad ASi SE+,NACH,NACHMAN INTERNATIONAL CO. LTD,REF#: 51210-38F00,Lower,Ball Joints,AT-08350,125412,2011
Suzuki,LT-A500F Vinson 500 4x4 Auto,NACH,NACHMAN INTERNATIONAL CO. LTD,REF#: 51210-38F00,Lower,Ball Joints,AT-08350,125412,2011
Suzuki,LT-F400F Eiger 4x4,NACH,NACHMAN INTERNATIONAL CO. LTD,REF#: 51210-38F00,Lower,Ball Joints,AT-08350,125412,2012
Suzuki,LT-F400 Eiger 2x4,NACH,NACHMAN INTERNATIONAL CO. LTD,REF#: 51210-38F00,Lower,Ball Joints,AT-08350,125412,2012
Suzuki,LT-A400F Eiger 4x4 Auto,NACH,NACHMAN INTERNATIONAL CO. LTD,REF#: 51210-38F00,Lower,Ball Joints,AT-08350,125412,2012
Suzuki,LT-A400F KingQuad AS,NACH,NACHMAN INTERNATIONAL CO. LTD,REF#: 51210-38F00,Lower,Ball Joints,AT-08350,125412,2012
Suzuki,LT-A400F KingQuad ASi,NACH,NACHMAN INTERNATIONAL CO. LTD,REF#: 51210-38F00,Lower,Ball Joints,AT-08350,125412,2012
Suzuki,LT-A400F KingQuad ASi LE,NACH,NACHMAN INTERNATIONAL CO. LTD,REF#: 51210-38F00,Lower,Ball Joints,AT-08350,125412,2012
Suzuki,LT-A400F KingQuad ASi SE,NACH,NACHMAN INTERNATIONAL CO. LTD,REF#: 51210-38F00,Lower,Ball Joints,AT-08350,125412,2012
Suzuki,LT-A400F KingQuad ASi+,NACH,NACHMAN INTERNATIONAL CO. LTD,REF#: 51210-38F00,Lower,Ball Joints,AT-08350,125412,2012
Suzuki,LT-A400F KingQuad ASi SE+,NACH,NACHMAN INTERNATIONAL CO. LTD,REF#: 51210-38F00,Lower,Ball Joints,AT-08350,125412,2012
Suzuki,LT-A500F Vinson 500 4x4 Auto,NACH,NACHMAN INTERNATIONAL CO. LTD,REF#: 51210-38F00,Lower,Ball Joints,AT-08350,125412,2012
Suzuki,LT-F400F Eiger 4x4,NACH,NACHMAN INTERNATIONAL CO. LTD,REF#: 51210-38F00,Lower,Ball Joints,AT-08350,125412,2013
Suzuki,LT-F400 Eiger 2x4,NACH,NACHMAN INTERNATIONAL CO. LTD,REF#: 51210-38F00,Lower,Ball Joints,AT-08350,125412,2013
Suzuki,LT-A400F Eiger 4x4 Auto,NACH,NACHMAN INTERNATIONAL CO. LTD,REF#: 51210-38F00,Lower,Ball Joints,AT-08350,125412,2013
Suzuki,LT-A400F KingQuad AS,NACH,NACHMAN INTERNATIONAL CO. LTD,REF#: 51210-38F00,Lower,Ball Joints,AT-08350,125412,2013
Suzuki,LT-A400F KingQuad ASi,NACH,NACHMAN INTERNATIONAL CO. LTD,REF#: 51210-38F00,Lower,Ball Joints,AT-08350,125412,2013
Suzuki,LT-A400F KingQuad ASi LE,NACH,NACHMAN INTERNATIONAL CO. LTD,REF#: 51210-38F00,Lower,Ball Joints,AT-08350,125412,2013
Suzuki,LT-A400F KingQuad ASi SE,NACH,NACHMAN INTERNATIONAL CO. LTD,REF#: 51210-38F00,Lower,Ball Joints,AT-08350,125412,2013
Suzuki,LT-A400F KingQuad ASi+,NACH,NACHMAN INTERNATIONAL CO. LTD,REF#: 51210-38F00,Lower,Ball Joints,AT-08350,125412,2013
Suzuki,LT-A400F KingQuad ASi SE+,NACH,NACHMAN INTERNATIONAL CO. LTD,REF#: 51210-38F00,Lower,Ball Joints,AT-08350,125412,2013
Suzuki,LT-A500F Vinson 500 4x4 Auto,NACH,NACHMAN INTERNATIONAL CO. LTD,REF#: 51210-38F00,Lower,Ball Joints,AT-08350,125412,2013
Suzuki,LT-F400F Eiger 4x4,NACH,NACHMAN INTERNATIONAL CO. LTD,REF#: 51210-38F00,Lower,Ball Joints,AT-08350,125412,2014
Suzuki,LT-F400 Eiger 2x4,NACH,NACHMAN INTERNATIONAL CO. LTD,REF#: 51210-38F00,Lower,Ball Joints,AT-08350,125412,2014
Suzuki,LT-A400F Eiger 4x4 Auto,NACH,NACHMAN INTERNATIONAL CO. LTD,REF#: 51210-38F00,Lower,Ball Joints,AT-08350,125412,2014
Suzuki,LT-A400F KingQuad AS,NACH,NACHMAN INTERNATIONAL CO. LTD,REF#: 51210-38F00,Lower,Ball Joints,AT-08350,125412,2014
Suzuki,LT-A400F KingQuad ASi,NACH,NACHMAN INTERNATIONAL CO. LTD,REF#: 51210-38F00,Lower,Ball Joints,AT-08350,125412,2014
Suzuki,LT-A400F KingQuad ASi LE,NACH,NACHMAN INTERNATIONAL CO. LTD,REF#: 51210-38F00,Lower,Ball Joints,AT-08350,125412,2014
Suzuki,LT-A400F KingQuad ASi SE,NACH,NACHMAN INTERNATIONAL CO. LTD,REF#: 51210-38F00,Lower,Ball Joints,AT-08350,125412,2014
Suzuki,LT-A400F KingQuad ASi+,NACH,NACHMAN INTERNATIONAL CO. LTD,REF#: 51210-38F00,Lower,Ball Joints,AT-08350,125412,2014
Suzuki,LT-A400F KingQuad ASi SE+,NACH,NACHMAN INTERNATIONAL CO. LTD,REF#: 51210-38F00,Lower,Ball Joints,AT-08350,125412,2014
Suzuki,LT-A500F Vinson 500 4x4 Auto,NACH,NACHMAN INTERNATIONAL CO. LTD,REF#: 51210-38F00,Lower,Ball Joints,AT-08350,125412,2014
Suzuki,LT-F400F Eiger 4x4,NACH,NACHMAN INTERNATIONAL CO. LTD,REF#: 51210-38F00,Lower,Ball Joints,AT-08350,125412,2015
Suzuki,LT-F400 Eiger 2x4,NACH,NACHMAN INTERNATIONAL CO. LTD,REF#: 51210-38F00,Lower,Ball Joints,AT-08350,125412,2015
Suzuki,LT-A400F Eiger 4x4 Auto,NACH,NACHMAN INTERNATIONAL CO. LTD,REF#: 51210-38F00,Lower,Ball Joints,AT-08350,125412,2015
Suzuki,LT-A400F KingQuad AS,NACH,NACHMAN INTERNATIONAL CO. LTD,REF#: 51210-38F00,Lower,Ball Joints,AT-08350,125412,2015
Suzuki,LT-A400F KingQuad ASi,NACH,NACHMAN INTERNATIONAL CO. LTD,REF#: 51210-38F00,Lower,Ball Joints,AT-08350,125412,2015
Suzuki,LT-A400F KingQuad ASi LE,NACH,NACHMAN INTERNATIONAL CO. LTD,REF#: 51210-38F00,Lower,Ball Joints,AT-08350,125412,2015
Suzuki,LT-A400F KingQuad ASi SE,NACH,NACHMAN INTERNATIONAL CO. LTD,REF#: 51210-38F00,Lower,Ball Joints,AT-08350,125412,2015
Suzuki,LT-A400F KingQuad ASi+,NACH,NACHMAN INTERNATIONAL CO. LTD,REF#: 51210-38F00,Lower,Ball Joints,AT-08350,125412,2015
Suzuki,LT-A400F KingQuad ASi SE+,NACH,NACHMAN INTERNATIONAL CO. LTD,REF#: 51210-38F00,Lower,Ball Joints,AT-08350,125412,2015
Suzuki,LT-A500F Vinson 500 4x4 Auto,NACH,NACHMAN INTERNATIONAL CO. LTD,REF#: 51210-38F00,Lower,Ball Joints,AT-08350,125412,2015
Suzuki,LT-F400F Eiger 4x4,NACH,NACHMAN INTERNATIONAL CO. LTD,REF#: 51210-38F00,Lower,Ball Joints,AT-08350,125412,2016
Suzuki,LT-F400 Eiger 2x4,NACH,NACHMAN INTERNATIONAL CO. LTD,REF#: 51210-38F00,Lower,Ball Joints,AT-08350,125412,2016
Suzuki,LT-A400F Eiger 4x4 Auto,NACH,NACHMAN INTERNATIONAL CO. LTD,REF#: 51210-38F00,Lower,Ball Joints,AT-08350,125412,2016
Suzuki,LT-A400F KingQuad AS,NACH,NACHMAN INTERNATIONAL CO. LTD,REF#: 51210-38F00,Lower,Ball Joints,AT-08350,125412,2016
Suzuki,LT-A400F KingQuad ASi,NACH,NACHMAN INTERNATIONAL CO. LTD,REF#: 51210-38F00,Lower,Ball Joints,AT-08350,125412,2016
Suzuki,LT-A400F KingQuad ASi LE,NACH,NACHMAN INTERNATIONAL CO. LTD,REF#: 51210-38F00,Lower,Ball Joints,AT-08350,125412,2016
Suzuki,LT-A400F KingQuad ASi SE,NACH,NACHMAN INTERNATIONAL CO. LTD,REF#: 51210-38F00,Lower,Ball Joints,AT-08350,125412,2016
Suzuki,LT-A400F KingQuad ASi+,NACH,NACHMAN INTERNATIONAL CO. LTD,REF#: 51210-38F00,Lower,Ball Joints,AT-08350,125412,2016
Suzuki,LT-A400F KingQuad ASi SE+,NACH,NACHMAN INTERNATIONAL CO. LTD,REF#: 51210-38F00,Lower,Ball Joints,AT-08350,125412,2016
Suzuki,LT-A500F Vinson 500 4x4 Auto,NACH,NACHMAN INTERNATIONAL CO. LTD,REF#: 51210-38F00,Lower,Ball Joints,AT-08350,125412,2016
Suzuki,LT-F400F Eiger 4x4,NACH,NACHMAN INTERNATIONAL CO. LTD,REF#: 51210-38F00,Lower,Ball Joints,AT-08350,125412,2017
Suzuki,LT-F400 Eiger 2x4,NACH,NACHMAN INTERNATIONAL CO. LTD,REF#: 51210-38F00,Lower,Ball Joints,AT-08350,125412,2017
Suzuki,LT-A400F Eiger 4x4 Auto,NACH,NACHMAN INTERNATIONAL CO. LTD,REF#: 51210-38F00,Lower,Ball Joints,AT-08350,125412,2017
Suzuki,LT-A400F KingQuad AS,NACH,NACHMAN INTERNATIONAL CO. LTD,REF#: 51210-38F00,Lower,Ball Joints,AT-08350,125412,2017
Suzuki,LT-A400F KingQuad ASi,NACH,NACHMAN INTERNATIONAL CO. LTD,REF#: 51210-38F00,Lower,Ball Joints,AT-08350,125412,2017
Suzuki,LT-A400F KingQuad ASi LE,NACH,NACHMAN INTERNATIONAL CO. LTD,REF#: 51210-38F00,Lower,Ball Joints,AT-08350,125412,2017
Suzuki,LT-A400F KingQuad ASi SE,NACH,NACHMAN INTERNATIONAL CO. LTD,REF#: 51210-38F00,Lower,Ball Joints,AT-08350,125412,2017
Suzuki,LT-A400F KingQuad ASi+,NACH,NACHMAN INTERNATIONAL CO. LTD,REF#: 51210-38F00,Lower,Ball Joints,AT-08350,125412,2017
Suzuki,LT-A400F KingQuad ASi SE+,NACH,NACHMAN INTERNATIONAL CO. LTD,REF#: 51210-38F00,Lower,Ball Joints,AT-08350,125412,2017
Suzuki,LT-A500F Vinson 500 4x4 Auto,NACH,NACHMAN INTERNATIONAL CO. LTD,REF#: 51210-38F00,Lower,Ball Joints,AT-08350,125412,2017
Suzuki,LT-F400F Eiger 4x4,NACH,NACHMAN INTERNATIONAL CO. LTD,REF#: 51210-38F00,Lower,Ball Joints,AT-08350,125412,2018
Suzuki,LT-F400 Eiger 2x4,NACH,NACHMAN INTERNATIONAL CO. LTD,REF#: 51210-38F00,Lower,Ball Joints,AT-08350,125412,2018
Suzuki,LT-A400F Eiger 4x4 Auto,NACH,NACHMAN INTERNATIONAL CO. LTD,REF#: 51210-38F00,Lower,Ball Joints,AT-08350,125412,2018
Suzuki,LT-A400F KingQuad AS,NACH,NACHMAN INTERNATIONAL CO. LTD,REF#: 51210-38F00,Lower,Ball Joints,AT-08350,125412,2018
Suzuki,LT-A400F KingQuad ASi,NACH,NACHMAN INTERNATIONAL CO. LTD,REF#: 51210-38F00,Lower,Ball Joints,AT-08350,125412,2018
Suzuki,LT-A400F KingQuad ASi LE,NACH,NACHMAN INTERNATIONAL CO. LTD,REF#: 51210-38F00,Lower,Ball Joints,AT-08350,125412,2018
Suzuki,LT-A400F KingQuad ASi SE,NACH,NACHMAN INTERNATIONAL CO. LTD,REF#: 51210-38F00,Lower,Ball Joints,AT-08350,125412,2018
Suzuki,LT-A400F KingQuad ASi+,NACH,NACHMAN INTERNATIONAL CO. LTD,REF#: 51210-38F00,Lower,Ball Joints,AT-08350,125412,2018
Suzuki,LT-A400F KingQuad ASi SE+,NACH,NACHMAN INTERNATIONAL CO. LTD,REF#: 51210-38F00,Lower,Ball Joints,AT-08350,125412,2018
Suzuki,LT-A500F Vinson 500 4x4 Auto,NACH,NACHMAN INTERNATIONAL CO. LTD,REF#: 51210-38F00,Lower,Ball Joints,AT-08350,125412,2018
Suzuki,LT-F400F Eiger 4x4,NACH,NACHMAN INTERNATIONAL CO. LTD,REF#: 51210-38F00,Lower,Ball Joints,AT-08350,125412,2019
Suzuki,LT-F400 Eiger 2x4,NACH,NACHMAN INTERNATIONAL CO. LTD,REF#: 51210-38F00,Lower,Ball Joints,AT-08350,125412,2019
Suzuki,LT-A400F Eiger 4x4 Auto,NACH,NACHMAN INTERNATIONAL CO. LTD,REF#: 51210-38F00,Lower,Ball Joints,AT-08350,125412,2019
Suzuki,LT-A400F KingQuad AS,NACH,NACHMAN INTERNATIONAL CO. LTD,REF#: 51210-38F00,Lower,Ball Joints,AT-08350,125412,2019
Suzuki,LT-A400F KingQuad ASi,NACH,NACHMAN INTERNATIONAL CO. LTD,REF#: 51210-38F00,Lower,Ball Joints,AT-08350,125412,2019
Suzuki,LT-A400F KingQuad ASi LE,NACH,NACHMAN INTERNATIONAL CO. LTD,REF#: 51210-38F00,Lower,Ball Joints,AT-08350,125412,2019
Suzuki,LT-A400F KingQuad ASi SE,NACH,NACHMAN INTERNATIONAL CO. LTD,REF#: 51210-38F00,Lower,Ball Joints,AT-08350,125412,2019
Suzuki,LT-A400F KingQuad ASi+,NACH,NACHMAN INTERNATIONAL CO. LTD,REF#: 51210-38F00,Lower,Ball Joints,AT-08350,125412,2019
Suzuki,LT-A400F KingQuad ASi SE+,NACH,NACHMAN INTERNATIONAL CO. LTD,REF#: 51210-38F00,Lower,Ball Joints,AT-08350,125412,2019
Suzuki,LT-A500F Vinson 500 4x4 Auto,NACH,NACHMAN INTERNATIONAL CO. LTD,REF#: 51210-38F00,Lower,Ball Joints,AT-08350,125412,2019
Suzuki,LT-F400F Eiger 4x4,NACH,NACHMAN INTERNATIONAL CO. LTD,REF#: 51210-38F00,Lower,Ball Joints,AT-08350,125412,2020
Suzuki,LT-F400 Eiger 2x4,NACH,NACHMAN INTERNATIONAL CO. LTD,REF#: 51210-38F00,Lower,Ball Joints,AT-08350,125412,2020
Suzuki,LT-A400F Eiger 4x4 Auto,NACH,NACHMAN INTERNATIONAL CO. LTD,REF#: 51210-38F00,Lower,Ball Joints,AT-08350,125412,2020
Suzuki,LT-A400F KingQuad AS,NACH,NACHMAN INTERNATIONAL CO. LTD,REF#: 51210-38F00,Lower,Ball Joints,AT-08350,125412,2020
Suzuki,LT-A400F KingQuad ASi,NACH,NACHMAN INTERNATIONAL CO. LTD,REF#: 51210-38F00,Lower,Ball Joints,AT-08350,125412,2020
Suzuki,LT-A400F KingQuad ASi LE,NACH,NACHMAN INTERNATIONAL CO. LTD,REF#: 51210-38F00,Lower,Ball Joints,AT-08350,125412,2020
Suzuki,LT-A400F KingQuad ASi SE,NACH,NACHMAN INTERNATIONAL CO. LTD,REF#: 51210-38F00,Lower,Ball Joints,AT-08350,125412,2020
Suzuki,LT-A400F KingQuad ASi+,NACH,NACHMAN INTERNATIONAL CO. LTD,REF#: 51210-38F00,Lower,Ball Joints,AT-08350,125412,2020
Suzuki,LT-A400F KingQuad ASi SE+,NACH,NACHMAN INTERNATIONAL CO. LTD,REF#: 51210-38F00,Lower,Ball Joints,AT-08350,125412,2020
Suzuki,LT-A500F Vinson 500 4x4 Auto,NACH,NACHMAN INTERNATIONAL CO. LTD,REF#: 51210-38F00,Lower,Ball Joints,AT-08350,125412,2020
Suzuki,LT-F400F Eiger 4x4,NACH,NACHMAN INTERNATIONAL CO. LTD,REF#: 51210-38F00,Lower,Ball Joints,AT-08350,125412,2021
Suzuki,LT-F400 Eiger 2x4,NACH,NACHMAN INTERNATIONAL CO. LTD,REF#: 51210-38F00,Lower,Ball Joints,AT-08350,125412,2021
Suzuki,LT-A400F Eiger 4x4 Auto,NACH,NACHMAN INTERNATIONAL CO. LTD,REF#: 51210-38F00,Lower,Ball Joints,AT-08350,125412,2021
Suzuki,LT-A400F KingQuad AS,NACH,NACHMAN INTERNATIONAL CO. LTD,REF#: 51210-38F00,Lower,Ball Joints,AT-08350,125412,2021
Suzuki,LT-A400F KingQuad ASi,NACH,NACHMAN INTERNATIONAL CO. LTD,REF#: 51210-38F00,Lower,Ball Joints,AT-08350,125412,2021
Suzuki,LT-A400F KingQuad ASi LE,NACH,NACHMAN INTERNATIONAL CO. LTD,REF#: 51210-38F00,Lower,Ball Joints,AT-08350,125412,2021
Suzuki,LT-A400F KingQuad ASi SE,NACH,NACHMAN INTERNATIONAL CO. LTD,REF#: 51210-38F00,Lower,Ball Joints,AT-08350,125412,2021
Suzuki,LT-A400F KingQuad ASi+,NACH,NACHMAN INTERNATIONAL CO. LTD,REF#: 51210-38F00,Lower,Ball Joints,AT-08350,125412,2021
Suzuki,LT-A400F KingQuad ASi SE+,NACH,NACHMAN INTERNATIONAL CO. LTD,REF#: 51210-38F00,Lower,Ball Joints,AT-08350,125412,2021
Suzuki,LT-A500F Vinson 500 4x4 Auto,NACH,NACHMAN INTERNATIONAL CO. LTD,REF#: 51210-38F00,Lower,Ball Joints,AT-08350,125412,2021
Suzuki,LT-F400F Eiger 4x4,NACH,NACHMAN INTERNATIONAL CO. LTD,REF#: 51210-38F00,Lower,Ball Joints,AT-08350,125412,2022
Suzuki,LT-F400 Eiger 2x4,NACH,NACHMAN INTERNATIONAL CO. LTD,REF#: 51210-38F00,Lower,Ball Joints,AT-08350,125412,2022
Suzuki,LT-A400F Eiger 4x4 Auto,NACH,NACHMAN INTERNATIONAL CO. LTD,REF#: 51210-38F00,Lower,Ball Joints,AT-08350,125412,2022
Suzuki,LT-A400F KingQuad AS,NACH,NACHMAN INTERNATIONAL CO. LTD,REF#: 51210-38F00,Lower,Ball Joints,AT-08350,125412,2022
Suzuki,LT-A400F KingQuad ASi,NACH,NACHMAN INTERNATIONAL CO. LTD,REF#: 51210-38F00,Lower,Ball Joints,AT-08350,125412,2022
Suzuki,LT-A400F KingQuad ASi LE,NACH,NACHMAN INTERNATIONAL CO. LTD,REF#: 51210-38F00,Lower,Ball Joints,AT-08350,125412,2022
Suzuki,LT-A400F KingQuad ASi SE,NACH,NACHMAN INTERNATIONAL CO. LTD,REF#: 51210-38F00,Lower,Ball Joints,AT-08350,125412,2022
Suzuki,LT-A400F KingQuad ASi+,NACH,NACHMAN INTERNATIONAL CO. LTD,REF#: 51210-38F00,Lower,Ball Joints,AT-08350,125412,2022
Suzuki,LT-A400F KingQuad ASi SE+,NACH,NACHMAN INTERNATIONAL CO. LTD,REF#: 51210-38F00,Lower,Ball Joints,AT-08350,125412,2022
Suzuki,LT-A500F Vinson 500 4x4 Auto,NACH,NACHMAN INTERNATIONAL CO. LTD,REF#: 51210-38F00,Lower,Ball Joints,AT-08350,125412,2022
